gene_name,chromosome,chr_start_pos,chr_end_pos,strand,gene_symbol
neurobeachin,13,34942270,35673022,+,NBEA
BCL2 apoptosis regulator,18,63123346,63320128,-,BCL2
SRY-box transcription factor 21,13,94709622,94712545,-,SOX21
glypican 5,13,91398621,92873682,+,GPC5
BRCA2 DNA repair associated,13,32315086,32400268,+,BRCA2
DCC netrin 1 receptor,18,52340197,53535899,+,DCC
spalt like transcription factor 4,20,51782331,51802521,-,SALL4
SS18L1 subunit of BAF chromatin remodeling complex,20,62143769,62182514,+,SS18L1
DNA topoisomerase I,20,41028822,41124487,+,TOP1
MAF bZIP transcription factor B,20,40685848,40689236,-,MAFB
RUNX family transcription factor 1,21,34787801,36004667,-,RUNX1
apolipoprotein B mRNA editing enzyme catalytic subunit 3B,22,38982347,38992804,+,APOBEC3B
U2 small nuclear RNA auxiliary factor 1,21,43092956,43107605,-,U2AF1
fms related receptor tyrosine kinase 3,13,28003274,28100592,-,FLT3
DDB1 and CUL4 associated factor 12 like 2,X,126163499,126166289,-,DCAF12L2
protein tyrosine phosphatase receptor type T,20,42072752,43189970,-,PTPRT
APC membrane recruitment protein 1,X,64185117,64205708,-,AMER1
myocardin related transcription factor A,22,40410281,40636719,-,MRTFA
"MN1 proto-oncogene, transcriptional regulator",22,27748277,27801756,-,MN1
SSX family member 4,X,48383516,48393347,+,SSX4
SET binding protein 1,18,44680173,45068510,+,SETBP1
zinc finger protein 521,18,25061924,25352194,-,ZNF521
ATRX chromatin remodeler,X,77504880,77786233,-,ATRX
leptin receptor overlapping transcript like 1,8,30095408,30177208,+,LEPROTL1
SSX family member 1,X,48255392,48267444,+,SSX1
BCL6 corepressor like 1,X,129981107,130058071,+,BCORL1
insulin receptor substrate 4,X,108719946,108736563,-,IRS4
paired box 5,9,36833269,37034268,-,PAX5
CUB and Sushi multiple domains 3,8,112222928,113436939,-,CSMD3
SSX family member 2,X,52696896,52707178,-,SSX2
TCL1 family AKT coactivator A,14,95709947,95714196,-,TCL1A
N-myc downstream regulated 1,8,133237175,133302022,-,NDRG1
family with sequence similarity 47 member C,X,37008366,37011664,+,FAM47C
GNAS complex locus,20,58839718,58911192,+,GNAS
GATA binding protein 1,X,48786540,48794311,+,GATA1
MLLT3 super elongation complex subunit,9,20341669,20622499,-,MLLT3
G protein subunit alpha 11,19,3094362,3123999,+,GNA11
TAL bHLH transcription factor 2,9,105662457,105663124,+,TAL2
thyroid stimulating hormone receptor,14,80954989,81146306,+,TSHR
exostosin glycosyltransferase 1,8,117794490,118111826,-,EXT1
kallikrein related peptidase 2,19,50861568,50880567,+,KLK2
Rho GTPase activating protein 26,5,142770377,143229011,+,ARHGAP26
zinc finger MYM-type containing 2,13,19958677,20091829,+,ZMYM2
NUT family member 2D,10,87357720,87370695,+,NUTM2D
interleukin 2,4,122451470,122456725,-,IL2
RB transcriptional corepressor 1,13,48303735,48599436,+,RB1
FAT atypical cadherin 4,4,125314918,125492932,+,FAT4
T cell leukemia homeobox 3,5,171309248,171312139,+,TLX3
nuclear receptor subfamily 4 group A member 3,9,99821855,99866891,+,NR4A3
cytokine receptor like factor 2,X,1190490,1212723,-,CRLF2
nuclear factor of activated T cells 2,20,51386957,51562831,-,NFATC2
myosin VA,15,52307281,52529132,-,MYO5A
cyclin dependent kinase inhibitor 2A,9,21967752,21995301,-,CDKN2A
CD274 molecule,9,5450503,5470566,+,CD274
T cell leukemia homeobox 1,10,101131300,101137789,+,TLX1
kinetochore localized astrin (SPAG5) binding protein,15,40382721,40394288,+,KNSTRN
NK2 homeobox 1,14,36516392,36521149,-,NKX2-1
H3 clustered histone 2,6,26031589,26032099,-,H3C2
protein kinase D1,14,29576479,30191898,-,PRKD1
CD209 molecule,19,7739993,7747564,-,CD209
kinetochore scaffold 1,15,40594020,40664342,+,KNL1
forkhead box A1,14,37589552,37596059,-,FOXA1
E1A binding protein p300,22,41091816,41180077,+,EP300
BTG anti-proliferation factor 1,12,92140278,92145846,-,BTG1
cyclic nucleotide binding domain containing 1,8,86866415,87615219,+,CNBD1
Fas cell surface death receptor,10,88953813,89029605,+,FAS
leucine zipper like post translational regulator 1,22,20982223,20999035,+,LZTR1
FA complementation group F,11,22622533,22625823,-,FANCF
ankyrin 1,8,41653220,41896741,-,ANK1
cysteinyl leukotriene receptor 2,13,48653709,48711227,+,CYSLTR2
crooked neck pre-mRNA splicing factor 1,20,20034368,20056046,-,CRNKL1
BCL11 transcription factor B,14,99169287,99272197,-,BCL11B
carbohydrate sulfotransferase 11,12,104455295,104762014,+,CHST11
chromodomain helicase DNA binding protein 2,15,92886203,93027996,+,CHD2
paired like homeobox 2B,4,41744082,41748725,-,PHOX2B
bromodomain containing 4,19,15235519,15332545,-,BRD4
NUT family member 2B,10,79703227,79714681,+,NUTM2B
hes related family bHLH transcription factor with YRPW motif 1,8,79762371,79767857,-,HEY1
"MYC proto-oncogene, bHLH transcription factor",8,127735434,127742951,+,MYC
epithelial cell transforming 2 like,6,138795911,138904070,+,ECT2L
forkhead box O4,X,71095851,71103535,+,FOXO4
RAD51 paralog B,14,67819779,68730218,+,RAD51B
"DNA polymerase gamma, catalytic subunit",15,89305198,89334861,-,POLG
caudal type homeobox 2,13,27960914,27975983,-,CDX2
T-box transcription factor 3,12,114670255,114684175,-,TBX3
piercer of microtubule wall 2,15,55408495,55418798,+,PIERCE2
family with sequence similarity 135 member B,8,138130023,138497261,-,FAM135B
patched 1,9,95442980,95517057,-,PTCH1
cyclin D3,6,41934934,42050357,-,CCND3
"mucin 6, oligomeric mucus/gel-forming (gene/pseudogene)",11,1012823,1036718,-,MUC6
ASXL transcriptional regulator 1,20,32358266,32439319,+,ASXL1
POU class 5 homeobox 1,6,31164337,31180731,-,POU5F1
myogenic differentiation 1,11,17719571,17722136,+,MYOD1
androgen receptor,X,67543353,67730619,+,AR
mature T cell proliferation 1,X,155064034,155147937,-,MTCP1
MDS1 and EVI1 complex locus,3,169083499,169663775,-,MECOM
oligodendrocyte transcription factor 2,21,33025327,33029196,+,OLIG2
NUT midline carcinoma family member 1,15,34343315,34357737,+,NUTM1
cysteine rich hydrophobic domain 2,4,53994803,54064605,-,CHIC2
Mab-21 domain containing 2,3,192796815,192917856,-,MB21D2
Janus kinase 3,19,17824780,17848071,-,JAK3
CD79a molecule,19,41877279,41881372,+,CD79A
POZ/BTB and AT hook containing zinc finger 1,22,31325804,31346605,-,PATZ1
SMAD family member 3,15,67063763,67195173,+,SMAD3
forkhead box L2,3,138944224,138947137,-,FOXL2
phosphatase and tensin homolog,10,87862638,87971930,+,PTEN
WASP actin nucleation promoting factor,X,48676593,48691431,+,WAS
BRCA1 associated deubiquitinase 1,3,52401008,52410008,-,BAP1
phospholipase C gamma 1,20,41136931,41196801,+,PLCG1
septin 5,22,19714467,19724224,+,SEPTIN5
BCL11 transcription factor A,2,60450520,60554467,-,BCL11A
tumor protein p63,3,189631389,189897276,+,TP63
CCAAT enhancer binding protein alpha,19,33299934,33302534,-,CEBPA
ETS transcription factor ERG,21,38380027,38661780,-,ERG
DNA damage inducible transcript 3,12,57516588,57521737,-,DDIT3
ALK receptor tyrosine kinase,2,29192774,29921586,-,ALK
transcription factor binding to IGHM enhancer 3,X,49028726,49043476,-,TFE3
lysine methyltransferase 2D,12,49018975,49060794,-,KMT2D
LDL receptor related protein 1B,2,140231423,142131016,-,LRP1B
POU class 2 homeobox associating factor 1,11,111352255,111455630,-,POU2AF1
forkhead box R1,11,118971712,118981287,+,FOXR1
eukaryotic translation initiation factor 1A X-linked,X,20124525,20141982,-,EIF1AX
"mucin 16, cell surface associated",19,8848844,9010390,-,MUC16
DnaJ heat shock protein family (Hsp40) member B1,19,14513789,14560391,-,DNAJB1
homeobox C13,12,53938831,53946544,+,HOXC13
homeobox C11,12,53973126,53977643,+,HOXC11
syndecan 4,20,45325288,45348425,-,SDC4
lymphocyte cytosolic protein 1,13,46125920,46211871,-,LCP1
RANBP2 like and GRIP domain containing 3,2,106391290,106468413,-,RGPD3
"ERCC excision repair 5, endonuclease",13,102845831,102875995,+,ERCC5
"FEV transcription factor, ETS family member",2,218981087,218985184,-,FEV
Cbl proto-oncogene,11,119206298,119313926,+,CBL
PR/SET domain 16,1,3069168,3438621,+,PRDM16
lysine demethylase 5A,12,280057,389320,-,KDM5A
SLIT-ROBO Rho GTPase activating protein 3,3,8980591,9363053,-,SRGAP3
transmembrane serine protease 2,21,41464296,41531116,-,TMPRSS2
glypican 3,X,133535745,133987100,-,GPC3
zinc finger protein 384,12,6666477,6689572,-,ZNF384
H4 clustered histone 9,6,27139282,27140640,+,H4C9
catenin alpha 2,2,79185231,80648861,+,CTNNA2
"SET domain containing 1B, histone lysine methyltransferase",12,121804009,121832656,+,SETD1B
golgin A5,14,92794230,92839963,+,GOLGA5
"translocated promoter region, nuclear basket protein",1,186311652,186375693,-,TPR
"phosphatidylinositol-3,4,5-trisphosphate dependent Rac exchange factor 2",8,67951955,68237032,+,PREX2
KLF transcription factor 4,9,107484852,107490482,-,KLF4
large tumor suppressor kinase 2,13,20973029,21061603,-,LATS2
paired related homeobox 1,1,170662728,170739421,+,PRRX1
thymosin beta 4 X-linked,X,12975107,12977227,+,TMSB4X
poly(rC) binding protein 1,2,70087477,70089203,+,PCBP1
myeloid leukemia factor 1,3,158571163,158607252,+,MLF1
forkhead box O1,13,40555667,40667612,-,FOXO1
homeobox D13,2,176092721,176095944,+,HOXD13
SWI/SNF related BAF chromatin remodeling complex subunit B1,22,23786931,23838009,+,SMARCB1
homeobox D11,2,176104216,176109754,+,HOXD11
ALF transcription elongation factor 3,2,99545419,100192428,-,AFF3
protein tyrosine phosphatase receptor type D,9,8314246,10613002,-,PTPRD
lysine demethylase 5C,X,53176277,53225422,-,KDM5C
"mucin 4, cell surface associated",3,195746765,195811973,-,MUC4
3-ketodihydrosphingosine reductase,18,63327566,63367615,-,KDSR
zinc finger MYM-type containing 3,X,71239617,71255269,-,ZMYM3
mastermind like transcriptional coactivator 2,11,95976598,96343195,-,MAML2
BCL6 corepressor,X,40049815,40177329,-,BCOR
mediator complex subunit 12,X,71118543,71144103,+,MED12
neurotrophic receptor tyrosine kinase 2,9,84668375,85095751,+,NTRK2
SS18 subunit of BAF chromatin remodeling complex,18,26016253,26091217,-,SS18
cytochrome P450 family 2 subfamily C member 8,10,95034359,95069498,-,CYP2C8
fragile histidine triad diadenosine triphosphatase,3,59747277,61251459,-,FHIT
APOBEC1 complementation factor,10,50799409,50885716,-,A1CF
BCL6 transcription repressor,3,187721377,187745725,-,BCL6
BCL3 transcription coactivator,19,44747705,44760044,+,BCL3
LHFPL tetraspan subfamily member 6,13,39209116,39603735,-,LHFPL6
"XPA, DNA damage recognition and repair factor",9,97674909,97697340,-,XPA
CREB regulated transcription coactivator 3,15,90529890,90645345,+,CRTC3
zinc finger E-box binding homeobox 1,10,31318495,31529814,+,ZEB1
SRY-box transcription factor 2,3,181711925,181714436,+,SOX2
PML nuclear body scaffold,15,73994673,74047827,+,PML
AKT serine/threonine kinase 3,1,243488233,243851079,-,AKT3
C-X-C motif chemokine receptor 4,2,136114349,136119177,-,CXCR4
von Hippel-Lindau tumor suppressor,3,10141778,10153676,+,VHL
C-C motif chemokine receptor 4,3,32951644,32957120,+,CCR4
nuclear receptor coactivator 2,8,70109772,70404191,-,NCOA2
WNK lysine deficient protein kinase 2,9,93184122,93320572,+,WNK2
heat shock protein 90 alpha family class A member 1,14,102080738,102139699,-,HSP90AA1
moesin,X,65588377,65741936,+,MSN
Rho GTPase activating protein 35,19,46860997,47005077,+,ARHGAP35
WD repeat and coiled coil containing,2,24029347,24049575,-,WDCP
G protein subunit alpha q,9,77716097,78031972,-,GNAQ
"dicer 1, ribonuclease III",14,95086228,95158010,-,DICER1
embryonic ectoderm development,11,86201212,86279807,+,EED
WT1 transcription factor,11,32387775,32435564,-,WT1
baculoviral IAP repeat containing 6,2,32357023,32619571,+,BIRC6
KLF transcription factor 6,10,3775996,3785281,-,KLF6
vesicle transport through interaction with t-SNAREs 1A,10,112446998,112818744,+,VTI1A
RNA binding motif protein 15,1,110338506,110346681,+,RBM15
FA complementation group C,9,95099054,95426796,-,FANCC
ATPase plasma membrane Ca2+ transporting 3,X,153517637,153582939,+,ATP2B3
protein phosphatase 6 catalytic subunit,9,125146573,125189939,-,PPP6C
BCL9 transcription coactivator,1,147541501,147626216,+,BCL9
NEDD4 binding protein 2,4,40056658,40158252,+,N4BP2
"BCL2 associated X, apoptosis regulator",19,48954815,48961798,+,BAX
nucleoporin 214,9,131124868,131234667,+,NUP214
bromodomain adjacent to zinc finger domain 1A,14,34752028,34875647,-,BAZ1A
IL2 inducible T cell kinase,5,157142933,157255185,+,ITK
Bruton tyrosine kinase,X,101349338,101390796,-,BTK
E74 like ETS transcription factor 3,1,202007945,202017183,+,ELF3
eukaryotic translation initiation factor 3 subunit E,8,108162787,108443496,-,EIF3E
LYL1 basic helix-loop-helix family member,19,13099033,13103161,-,LYL1
interleukin 7 receptor,5,35852695,35879603,+,IL7R
notch receptor 1,9,136494433,136546048,-,NOTCH1
erb-b2 receptor tyrosine kinase 4,2,211375717,212538841,-,ERBB4
hepatocyte growth factor,7,81699010,81770438,-,HGF
beta-2-microglobulin,15,44711253,44718851,+,B2M
MYC associated factor X,14,65006174,65102695,-,MAX
ASXL transcriptional regulator 2,2,25733753,25878487,-,ASXL2
BUB1 mitotic checkpoint serine/threonine kinase B,15,40161023,40221136,+,BUB1B
FAT atypical cadherin 1,4,186587791,186726722,-,FAT1
STAG2 cohesin complex component,X,123960212,124422664,+,STAG2
regulator of G protein signaling 7,1,240767636,241357374,-,RGS7
zinc finger CCHC-type containing 8,12,122471600,122500932,-,ZCCHC8
Rho guanine nucleotide exchange factor 10,8,1823332,1958642,+,ARHGEF10
"ABL proto-oncogene 1, non-receptor tyrosine kinase",9,130713043,130887675,+,ABL1
nuclear receptor binding SET domain protein 2,4,1870559,1982207,+,NSD2
FAT atypical cadherin 3,11,92224818,92896473,+,FAT3
R-spondin 3,6,127118663,127199481,+,RSPO3
kinase insert domain receptor,4,55078476,55125595,-,KDR
contactin associated protein 2,7,146116002,148420998,+,CNTNAP2
"mucin 1, cell surface associated",1,155185824,155192916,-,MUC1
checkpoint kinase 2,22,28687738,28742422,-,CHEK2
bromodomain containing 3,9,134030305,134068555,-,BRD3
hypoxia inducible factor 1 subunit alpha,14,61695456,61748263,+,HIF1A
TCF3 fusion partner,19,54107020,54115657,-,TFPT
CREB binding protein,16,3725054,3880713,-,CREBBP
mitogen-activated protein kinase kinase 1,15,66386825,66491656,+,MAP2K1
DGCR8 microprocessor complex subunit,22,20080035,20111877,+,DGCR8
MAF bZIP transcription factor,16,79585843,79600737,-,MAF
interferon regulatory factor 4,6,391739,411443,+,IRF4
RNA polymerase II subunit A,17,7484366,7514616,+,POLR2A
lysine methyltransferase 2C,7,152134922,152436644,-,KMT2C
zinc finger homeobox 3,16,72782885,73891871,-,ZFHX3
myosin heavy chain 9,22,36281279,36388010,-,MYH9
cAMP responsive element binding protein 3 like 1,11,46277637,46321422,+,CREB3L1
TSC complex subunit 1,9,132891348,132946874,-,TSC1
motor neuron and pancreas homeobox 1,7,156994051,157010663,-,MNX1
nuclear receptor binding SET domain protein 3,8,38269704,38382279,-,NSD3
SMAD family member 2,18,47808957,47931569,-,SMAD2
homeobox A9,7,27162438,27175180,-,HOXA9
roundabout guidance receptor 2,3,75906695,77649964,+,ROBO2
homeobox A11,7,27181157,27185232,-,HOXA11
homeobox A13,7,27193503,27200091,-,HOXA13
PR/SET domain 2,1,13700188,13825079,+,PRDM2
RecQ mediated genome instability 2,16,11249619,11381662,+,RMI2
"KIT proto-oncogene, receptor tyrosine kinase",4,54657267,54740783,+,KIT
zinc finger protein 479,7,57117676,57139864,-,ZNF479
CD28 molecule,2,203706517,203739756,+,CD28
"SRC proto-oncogene, non-receptor tyrosine kinase",20,37344673,37406050,+,SRC
ALF transcription elongation factor 1,4,86934237,87141073,+,AFF1
Rho guanine nucleotide exchange factor 12,11,120336238,120489937,+,ARHGEF12
MALT1 paracaspase,18,58671426,58754477,+,MALT1
RAD50 double strand break repair protein,5,132556019,132646349,+,RAD50
SUFU negative regulator of hedgehog signaling,10,102503952,102633535,+,SUFU
NFKB inhibitor epsilon,6,44258166,44265788,-,NFKBIE
tet methylcytosine dioxygenase 1,10,68560310,68694586,+,TET1
F-box and WD repeat domain containing 7,4,152320544,152536107,-,FBXW7
Cbl proto-oncogene C,19,44777845,44802291,+,CBLC
splicing factor proline and glutamine rich,1,35176378,35193446,-,SFPQ
tripartite motif containing 27,6,28903002,28923988,-,TRIM27
structural maintenance of chromosomes 1A,X,53374149,53422728,-,SMC1A
Fc receptor like 4,1,157573747,157598085,-,FCRL4
septin 6,X,119615724,119693949,-,SEPTIN6
coiled-coil-helix-coiled-coil-helix domain containing 7,8,56211686,56218809,+,CHCHD7
ribosomal protein L10,X,154389955,154409168,+,RPL10
bone morphogenetic protein 5,6,55753653,55875595,-,BMP5
telomerase reverse transcriptase,5,1253147,1295085,-,TERT
transformation/transcription domain associated protein,7,98877933,99050831,+,TRRAP
BLM RecQ like helicase,15,90717340,90816166,+,BLM
"ERCC excision repair 4, endonuclease catalytic subunit",16,13920138,13952348,+,ERCC4
ret proto-oncogene,10,43077026,43130351,+,RET
HNF1 homeobox A,12,120978543,121002512,+,HNF1A
coiled-coil domain containing 6,10,59788747,59907029,-,CCDC6
ubiquitin specific peptidase 6,17,5116032,5175034,+,USP6
fibroblast growth factor receptor 2,10,121478332,121598458,-,FGFR2
"MYB proto-oncogene, transcription factor",6,135181308,135219173,+,MYB
PBX homeobox 1,1,164555584,164899296,+,PBX1
spen family transcriptional repressor,1,15836095,15940456,+,SPEN
leucine rich repeats and immunoglobulin like domains 3,12,58872037,58920551,-,LRIG3
"ABL proto-oncogene 2, non-receptor tyrosine kinase",1,179099330,179229684,-,ABL2
CBFA2/RUNX1 partner transcriptional co-repressor 3,16,88874858,88977207,-,CBFA2T3
TNF receptor superfamily member 17,16,11965210,11968068,+,TNFRSF17
BTG anti-proliferation factor 2,1,203305491,203309602,+,BTG2
phosphodiesterase 4D interacting protein,1,148808140,149048286,+,PDE4DIP
SMAD family member 4,18,51028528,51085045,+,SMAD4
"A-Raf proto-oncogene, serine/threonine kinase",X,47561182,47571921,+,ARAF
glycogen synthase kinase 3 beta,3,119821321,120094994,-,GSK3B
GLI family zinc finger 1,12,57459785,57472268,+,GLI1
cyclin dependent kinase inhibitor 1B,12,12685498,12722373,+,CDKN1B
"NF2, moesin-ezrin-radixin like (MERLIN) tumor suppressor",22,29603546,29698598,+,NF2
cyclin D1,11,69641143,69654474,+,CCND1
"Jun proto-oncogene, AP-1 transcription factor subunit",1,58776845,58784048,-,JUN
calmodulin binding transcription activator 1,1,6785454,7769706,+,CAMTA1
BCL9 like,11,118893875,118925926,-,BCL9L
nuclear factor kappa B subunit 2,10,102394110,102402529,+,NFKB2
factor interacting with PAPOLA and CPSF1,4,53377562,53464382,+,FIP1L1
intestine specific homeobox,22,35066136,35087392,+,ISX
BCR activator of RhoGEF and GTPase,22,23179704,23318037,+,BCR
FA complementation group D2,3,10026370,10101937,+,FANCD2
protein tyrosine phosphatase non-receptor type 6,12,6946417,6961316,+,PTPN6
"afadin, adherens junction formation factor",6,167826859,167972023,+,AFDN
cyclin B1 interacting protein 1,14,20311353,20333314,-,CCNB1IP1
high mobility group AT-hook 2,12,65824460,65966291,+,HMGA2
neuregulin 1,8,31639222,32855666,+,NRG1
protein tyrosine kinase 6,20,63528001,63537376,-,PTK6
large tumor suppressor kinase 1,6,149658153,149718105,-,LATS1
SWI/SNF related BAF chromatin remodeling complex subunit D1,12,50085200,50100712,+,SMARCD1
"MYCL proto-oncogene, bHLH transcription factor",1,39895428,39902256,-,MYCL
EWS RNA binding protein 1,22,29268009,29300530,+,EWSR1
activin A receptor type 1B,12,51951679,51997082,+,ACVR1B
ubiquitin specific peptidase 44,12,95516560,95553341,-,USP44
MLLT10 histone lysine methyltransferase DOT1L cofactor,10,21524617,21743630,+,MLLT10
PWWP domain containing 2A,5,160061801,160119478,-,PWWP2A
glutamate ionotropic receptor NMDA type subunit 2A,16,9753404,10183337,-,GRIN2A
CREB regulated transcription coactivator 1,19,18683640,18782333,+,CRTC1
nuclear receptor binding SET domain protein 1,5,177131787,177300213,+,NSD1
EPH receptor A7,6,93240020,93419687,-,EPHA7
BAF chromatin remodeling complex subunit BCL7A,12,122019422,122062044,+,BCL7A
cyclin dependent kinase 4,12,57747722,57756013,-,CDK4
formin binding protein 1,9,129887179,130043238,-,FNBP1
bone morphogenetic protein receptor type 1A,10,86755763,86932825,+,BMPR1A
RUNX1 partner transcriptional co-repressor 1,8,91954972,92103385,-,RUNX1T1
serine and arginine rich splicing factor 3,6,36593787,36605911,+,SRSF3
CCR4-NOT transcription complex subunit 3,19,54137710,54155708,+,CNOT3
ring finger protein 213,17,80260852,80398794,+,RNF213
hook microtubule tethering protein 3,8,42896900,43030535,+,HOOK3
lysine methyltransferase 2A,11,118436456,118526832,+,KMT2A
DNA polymerase theta,3,121431426,121546002,-,POLQ
cleavage factor polyribonucleotide kinase subunit 1,11,57648188,57661865,+,CLP1
"HLF transcription factor, PAR bZIP family member",17,55264960,55325187,+,HLF
"XPC complex subunit, DNA damage recognition and repair factor",3,14145145,14178652,-,XPC
EPH receptor A3,3,89107522,89482437,+,EPHA3
erb-b2 receptor tyrosine kinase 3,12,56076799,56103505,+,ERBB3
paired box 3,2,222199887,222298998,-,PAX3
lysine acetyltransferase 7,17,49788624,49835026,+,KAT7
protein kinase cAMP-dependent type I regulatory subunit alpha,17,68511780,68551319,+,PRKAR1A
ATR serine/threonine kinase,3,142449007,142578781,-,ATR
AT-rich interaction domain 1B,6,156776020,157210779,+,ARID1B
cyclin E1,19,29811471,29824313,+,CCNE1
collagen type II alpha 1 chain,12,47972967,48004689,-,COL2A1
suppressor of cytokine signaling 1,16,11249101,11256556,-,SOCS1
endothelial PAS domain protein 1,2,46293667,46386697,+,EPAS1
zinc and ring finger 3,22,28883565,29057488,+,ZNRF3
capicua transcriptional repressor,19,42268537,42295801,+,CIC
transcription factor EB,6,41683978,41736259,-,TFEB
perforin 1,10,70596401,70602759,-,PRF1
transcription factor 12,15,56918099,57299707,+,TCF12
PHD finger protein 6,X,134373286,134428792,+,PHF6
cadherin 11,16,64943753,65126112,-,CDH11
"HRas proto-oncogene, GTPase",11,532242,537343,-,HRAS
Fas associated via death domain,11,70203295,70207395,+,FADD
mitogen-activated protein kinase 1,22,21755537,21867680,-,MAPK1
drosha ribonuclease III,5,31400494,31533186,-,DROSHA
cadherin 17,8,94124381,94217303,-,CDH17
osteomodulin,9,92412380,92424471,-,OMD
cytoplasmic polyadenylation element binding protein 3,10,92046692,92291628,-,CPEB3
poly(A) binding protein cytoplasmic 1,8,100685816,100722809,-,PABPC1
death domain associated protein,6,33318558,33323259,-,DAXX
SH2B adaptor protein 3,12,111405000,111451623,+,SH2B3
sorting nexin 29,16,11976734,12574287,+,SNX29
"Raf-1 proto-oncogene, serine/threonine kinase",3,12582101,12664201,-,RAF1
clathrin heavy chain like 1,22,19179320,19291774,-,CLTCL1
E74 like ETS transcription factor 4,X,130063955,130110904,-,ELF4
ALF transcription elongation factor 4,5,132875395,132963634,-,AFF4
signal regulatory protein alpha,20,1892726,1940592,+,SIRPA
serine/threonine kinase 11,19,1177558,1228431,+,STK11
PC4 and SRSF1 interacting protein 1,9,15464065,15511202,-,PSIP1
cyclin dependent kinase inhibitor 1A,6,36676441,36687397,+,CDKN1A
"DNA polymerase epsilon, catalytic subunit",12,132623753,132687376,-,POLE
transforming growth factor beta receptor 2,3,30606478,30694249,+,TGFBR2
DEAD-box helicase 3 X-linked,X,41333348,41364472,+,DDX3X
DEK proto-oncogene,6,18223860,18265997,-,DEK
nuclear receptor corepressor 2,12,124324407,124567623,-,NCOR2
succinate dehydrogenase complex subunit D,11,112086824,112120016,+,SDHD
Rap1 GTPase-GDP dissociation stimulator 1,4,98261243,98443864,+,RAP1GDS1
"Pim-1 proto-oncogene, serine/threonine kinase",6,37170152,37175428,+,PIM1
non-POU domain containing octamer binding,X,71254270,71301522,+,NONO
serum/glucocorticoid regulated kinase 1,6,134169248,134318112,-,SGK1
"KRAS proto-oncogene, GTPase",12,25205246,25250936,-,KRAS
ETS variant transcription factor 5,3,186046314,186110318,-,ETV5
MLLT1 super elongation complex subunit,19,6210377,6279975,-,MLLT1
DEAD-box helicase 10,11,108665053,108940999,+,DDX10
kinesin family member 5B,10,32009014,32056454,-,KIF5B
isocitrate dehydrogenase (NADP(+)) 2,15,90083045,90102490,-,IDH2
epidermal growth factor receptor,7,55018820,55211628,+,EGFR
SIX homeobox 1,14,60643421,60658259,-,SIX1
cAMP responsive element binding protein 3 like 2,7,137874979,138002086,-,CREB3L2
BCL2 associated transcription factor 1,6,136256627,136289851,-,BCLAF1
transcription factor 7 like 2,10,112950205,113167678,+,TCF7L2
peroxisome proliferator activated receptor gamma,3,12287368,12434574,+,PPARG
paired box 8,2,113215997,113278921,-,PAX8
neurofibromin 1,17,31094927,31382116,+,NF1
P2Y receptor family member 8,X,1462572,1537187,-,P2RY8
caspase recruitment domain family member 11,7,2906141,3044228,-,CARD11
ezrin,6,158765741,158819413,-,EZR
heat shock protein 90 alpha family class B member 1,6,44245808,44253888,+,HSP90AB1
IKAROS family zinc finger 3,17,39757715,39864312,-,IKZF3
AT-rich interaction domain 1A,1,26693236,26782104,+,ARID1A
"zinc finger CCCH-type, RNA binding motif and serine/arginine rich 2",X,15790106,15830694,+,ZRSR2
mitogen-activated protein kinase kinase kinase 1,5,56815538,56896152,+,MAP3K1
filamin A,X,154348524,154374638,-,FLNA
C-C motif chemokine receptor 7,17,40551081,40565472,-,CCR7
JAZF zinc finger 1,7,27830573,28180992,-,JAZF1
growth arrest specific 7,17,9910606,10198853,-,GAS7
cadherin 1,16,68737292,68835540,+,CDH1
"protein phosphatase, Mg2+/Mn2+ dependent 1D",17,60599735,60666280,+,PPM1D
"smoothened, frizzled class receptor",7,129188511,129213546,+,SMO
ubiquitin protein ligase E3 component n-recognin 5,8,102250608,102412880,-,UBR5
A-kinase anchoring protein 9,7,91940840,92110673,+,AKAP9
BRCA1 associated RING domain 1,2,214725646,214809707,-,BARD1
lymphoid enhancer binding factor 1,4,108047545,108168956,-,LEF1
septin 9,17,77280569,77500596,+,SEPTIN9
SKI proto-oncogene,1,2227388,2310213,+,SKI
mitogen-activated protein kinase kinase 2,19,4090317,4124216,-,MAP2K2
neurotrophic receptor tyrosine kinase 3,15,87859751,88256993,-,NTRK3
"SH3 domain containing GRB2 like 1, endophilin A2",19,4360367,4400547,-,SH3GL1
"QKI, KH domain containing RNA binding",6,163414000,163578592,+,QKI
ring finger protein 43,17,58353676,58417735,-,RNF43
platelet derived growth factor subunit B,22,39223359,39244982,-,PDGFB
"MLLT6, PHD finger containing",17,38705273,38729795,+,MLLT6
cyclin dependent kinase inhibitor 2C,1,50960745,50974634,+,CDKN2C
abl interactor 1,10,26745942,26861094,-,ABI1
RNA binding motif protein 10,X,47144284,47186814,+,RBM10
CD74 molecule,5,150401637,150412969,-,CD74
PPFIA binding protein 1,12,27523431,27695565,+,PPFIBP1
"TAL bHLH transcription factor 1, erythroid differentiation factor",1,47216290,47232225,-,TAL1
estrogen receptor 1,6,151651284,152129619,+,ESR1
"PMS1 homolog 2, mismatch repair system component",7,5970925,6009130,-,PMS2
lysine demethylase 6A,X,44873130,45112779,+,KDM6A
tet methylcytosine dioxygenase 2,4,105145875,105279816,+,TET2
Rho GTPase activating protein 5,14,32075794,32159728,+,ARHGAP5
nucleoporin 98 and 96 precursor,11,3671083,3797792,-,NUP98
ring finger and WD repeat domain 3,16,74621393,74666912,-,RFWD3
APC regulator of WNT signaling pathway,5,112707498,112846239,+,APC
inhibitor of nuclear factor kappa B kinase subunit beta,8,42271302,42332460,+,IKBKB
cyclin D2,12,4269771,4306933,+,CCND2
shootin 1,10,116881477,117126586,-,SHTN1
ubiquitin specific peptidase 8,15,50424372,50514421,+,USP8
platelet derived growth factor receptor beta,5,150113839,150158260,-,PDGFRB
family with sequence similarity 131 member B,7,143353400,143362815,-,FAM131B
LIF receptor subunit alpha,5,38474668,38608354,-,LIFR
MET transcriptional regulator MACC1,7,20134655,20217457,-,MACC1
integrin subunit alpha V,2,186590010,186680901,+,ITGAV
RAD21 cohesin complex component,8,116845934,116874849,-,RAD21
transcription factor 3,19,1609291,1652911,-,TCF3
succinate dehydrogenase complex flavoprotein subunit A,5,218274,257083,+,SDHA
transcription elongation factor A1,8,53966552,54022448,-,TCEA1
terminal nucleotidyltransferase 5C,1,117606048,117628389,+,TENT5C
Fc gamma receptor IIb,1,161662803,161679490,+,FCGR2B
kinectin 1,14,55559072,55701526,+,KTN1
AKT serine/threonine kinase 2,19,40230317,40285536,-,AKT2
TSC complex subunit 2,16,2047345,2089491,+,TSC2
"MYCN proto-oncogene, bHLH transcription factor",2,15938396,15947022,+,MYCN
nuclear factor I B,9,14081843,14398983,-,NFIB
enhancer of zeste 2 polycomb repressive complex 2 subunit,7,148807257,148884330,-,EZH2
succinate dehydrogenase complex subunit C,1,161314381,161363206,+,SDHC
zinc finger protein 331,19,53519527,53580271,+,ZNF331
PLAG1 zinc finger,8,56160909,56211333,-,PLAG1
protein tyrosine phosphatase receptor type K,6,127968780,128520619,-,PTPRK
SIX homeobox 2,2,45005182,45009452,-,SIX2
nuclear receptor corepressor 1,17,16029065,16218185,-,NCOR1
ubiquitin specific peptidase 9 X-linked,X,41085431,41236579,+,USP9X
FA complementation group G,9,35073820,35082444,-,FANCG
CD79b molecule,17,63928738,63932629,-,CD79B
catenin delta 2,5,10971836,11904446,-,CTNND2
cyclin dependent kinase 12,17,39461437,39567559,+,CDK12
ETS variant transcription factor 4,17,43527842,43579620,-,ETV4
AKT serine/threonine kinase 1,14,104769348,104799934,-,AKT1
SUB1 regulator of transcription,5,32531633,32604507,+,SUB1
BRCA1 interacting DNA helicase 1,17,61679139,61863561,-,BRIP1
interleukin 21 receptor,16,27402174,27452050,+,IL21R
ral guanine nucleotide dissociation stimulator,9,133097719,133149334,-,RALGDS
mutS homolog 6,2,47695530,47810109,+,MSH6
"B-Raf proto-oncogene, serine/threonine kinase",7,140719327,140924976,-,BRAF
period circadian regulator 1,17,8140467,8156506,-,PER1
gephyrin,14,66507407,67181803,+,GPHN
"major histocompatibility complex, class I, A",6,29941260,29949572,+,HLA-A
fibroblast growth factor receptor 1,8,38400215,38468834,-,FGFR1
fms related receptor tyrosine kinase 4,5,180601506,180649629,-,FLT4
BCL10 immune signaling adaptor,1,85265776,85276632,-,BCL10
assembly factor for spindle microtubules,1,197084121,197146694,-,ASPM
"FES proto-oncogene, tyrosine kinase",15,90883695,90896213,+,FES
staphylococcal nuclease and tudor domain containing 1,7,127652145,128092609,+,SND1
SUZ12 polycomb repressive complex 2 subunit,17,31936995,32001045,+,SUZ12
centrosomal protein 43,6,166999174,167052718,+,CEP43
WRN RecQ like helicase,8,31033779,31176138,+,WRN
centriolin,9,121074660,121177729,+,CNTRL
Janus kinase 2,9,4984390,5129948,+,JAK2
clathrin heavy chain,17,59619680,59696956,+,CLTC
axin 2,17,65528561,65562067,-,AXIN2
cytochrome c oxidase subunit 6C,8,99873200,99893759,-,COX6C
GATA binding protein 3,10,8045315,8075198,+,GATA3
mitogen-activated protein kinase kinase 4,17,12020828,12143830,+,MAP2K4
protein tyrosine phosphatase non-receptor type 13,4,86593944,86815180,+,PTPN13
thyroid hormone receptor interactor 11,14,91965991,92040896,-,TRIP11
MLLT11 transcription factor 7 cofactor,1,151057871,151069544,+,MLLT11
ninein,14,50719763,50831504,-,NIN
lysine acetyltransferase 6A,8,41929479,42051998,-,KAT6A
musashi RNA binding protein 2,17,57255851,57684689,+,MSI2
ETS variant transcription factor 6,12,11649623,11895386,+,ETV6
programmed cell death 1 ligand 2,9,5510491,5571282,+,PDCD1LG2
mutL homolog 1,3,36993226,37050896,+,MLH1
"LYN proto-oncogene, Src family tyrosine kinase",8,55879825,56014169,+,LYN
protection of telomeres 1,7,124822386,124929959,-,POT1
solute carrier family 34 member 2,4,25648011,25679132,+,SLC34A2
RAD17 checkpoint clamp loader component,5,69369293,69414806,+,RAD17
tec protein tyrosine kinase,4,48135783,48269858,-,TEC
FUS RNA binding protein,16,31180134,31196963,+,FUS
KIAA1549,7,138831381,138982084,-,KIAA1549
fibroblast growth factor receptor 3,4,1793286,1808873,+,FGFR3
activating transcription factor 1,12,50763710,50821162,+,ATF1
platelet activating factor acetylhydrolase 1b catalytic subunit 2,11,117144284,117176894,+,PAFAH1B2
kelch like ECH associated protein 1,19,10486119,10503558,-,KEAP1
La ribonucleoprotein 4B,10,806915,931821,-,LARP4B
pericentriolar material 1,8,17922746,18029996,+,PCM1
acyl-CoA synthetase long chain family member 6,5,131949973,132012243,-,ACSL6
caspase 9,1,15490832,15526534,-,CASP9
nibrin,8,89924515,90003228,-,NBN
platelet derived growth factor receptor alpha,4,54229130,54298246,+,PDGFRA
SET domain bifurcated histone lysine methyltransferase 1,1,150926263,150964744,+,SETDB1
elongation factor for RNA polymerase II,19,18442663,18522116,-,ELL
"ROS proto-oncogene 1, receptor tyrosine kinase",6,117287353,117425942,-,ROS1
LIM domain containing preferred translocation partner in lipoma,3,188152994,188890671,+,LPP
ELKS/RAB6-interacting/CAST family member 1,12,989998,1495933,+,ERC1
notch receptor 2,1,119911553,120100779,-,NOTCH2
R-spondin 2,8,107899316,108083790,-,RSPO2
DEAD-box helicase 5,17,64498254,64508199,-,DDX5
activin A receptor type 2A,2,147844378,147930826,+,ACVR2A
succinate dehydrogenase complex iron sulfur subunit B,1,17018664,17054151,-,SDHB
mitogen-activated protein kinase kinase kinase 13,3,185282941,185489094,+,MAP3K13
FA complementation group A,16,89726683,89816977,-,FANCA
tenascin C,9,115019575,115118257,-,TNC
colony stimulating factor 1 receptor,5,150053291,150113372,-,CSF1R
nascent polypeptide associated complex subunit alpha,12,56712305,56731628,-,NACA
RecQ like helicase 4,8,144511288,144517845,-,RECQL4
SET nuclear proto-oncogene,9,128683424,128696400,+,SET
aldehyde dehydrogenase 2 family member,12,111766887,111817532,+,ALDH2
signal transducer and activator of transcription 3,17,42313324,42388568,-,STAT3
calreticulin,19,12938578,12944490,+,CALR
golgi phosphoprotein 3,5,32124712,32174319,-,GOLPH3
phosphoinositide-3-kinase regulatory subunit 1,5,68215740,68301821,+,PIK3R1
homocysteine inducible ER protein with ubiquitin like domain 1,16,56930815,56944864,+,HERPUD1
MDM2 proto-oncogene,12,68808175,68845544,+,MDM2
fibroblast growth factor receptor 4,5,177086456,177098151,+,FGFR4
dynamin 2,19,10717974,10833504,+,DNM2
ribosomal protein L22,1,6185020,6209389,-,RPL22
protein tyrosine phosphatase receptor type B,12,70515870,70637440,-,PTPRB
huntingtin interacting protein 1,7,75533298,75738986,-,HIP1
"NRAS proto-oncogene, GTPase",1,114704469,114716771,-,NRAS
BRCA1 DNA repair associated,17,43044292,43170245,-,BRCA1
signal transducer and activator of transcription 6,12,57095404,57132139,-,STAT6
WW domain containing transcription regulator 1,3,149517235,149736714,-,WWTR1
CCHC-type zinc finger nucleic acid binding protein,3,129167818,129184008,-,CNBP
nuclear receptor coactivator 4,10,46005085,46030669,-,NCOA4
spleen associated tyrosine kinase,9,90801579,90898549,+,SYK
"MET proto-oncogene, receptor tyrosine kinase",7,116672051,116798386,+,MET
NGFI-A binding protein 2,12,57089014,57095476,+,NAB2
ras homolog family member H,4,40191011,40246967,+,RHOH
"SET domain containing 2, histone lysine methyltransferase",3,47016428,47164113,-,SETD2
centrosomal protein 89,19,32875925,32971992,-,CEP89
F-box protein 11,2,47789316,47906507,-,FBXO11
heterogeneous nuclear ribonucleoprotein A2/B1,7,26171151,26201529,-,HNRNPA2B1
ribosomal protein L5,1,92831990,92841924,+,RPL5
BCL2 like 12,19,49664622,49673916,+,BCL2L12
EBF transcription factor 1,5,158695920,159099951,-,EBF1
mechanistic target of rapamycin kinase,1,11106531,11262556,-,MTOR
nucleophosmin 1,5,171387086,171411810,+,NPM1
cyclin C,6,99542387,99568825,-,CCNC
fibulin 2,3,13549073,13638422,+,FBLN2
DEAD-box helicase 6,11,118747763,118791226,-,DDX6
LIM and SH3 protein 1,17,38869185,38921771,+,LASP1
protein phosphatase 2 scaffold subunit Aalpha,19,52170936,52229518,+,PPP2R1A
tyrosine 3-monooxygenase/tryptophan 5-monooxygenase activation protein epsilon,17,1344275,1400255,-,YWHAE
WNT inhibitory factor 1,12,65050626,65121548,-,WIF1
"RAP1B, member of RAS oncogene family",12,68610410,68671901,+,RAP1B
O-6-methylguanine-DNA methyltransferase,10,129466679,129770983,+,MGMT
FA complementation group E,6,35452318,35467106,+,FANCE
TATA-box binding protein associated factor 15,17,35809481,35864615,+,TAF15
"rabaptin, RAB GTPase binding effector protein 1",17,5282259,5386340,+,RABEP1
TNF receptor associated factor 7,16,2155692,2178129,+,TRAF7
activin A receptor type 1,2,157736249,157876347,-,ACVR1
high mobility group AT-hook 1,6,34235618,34246236,+,HMGA1
catenin alpha 1,5,138610967,138935039,+,CTNNA1
exportin 1,2,61476032,61538753,-,XPO1
vav guanine nucleotide exchange factor 1,19,6772694,6857366,+,VAV1
glutamate metabotropic receptor 3,7,86643909,86864884,+,GRM3
cadherin 10,5,24487099,24644978,-,CDH10
forkhead box O3,6,108559652,108684774,+,FOXO3
tropomyosin 4,19,16067021,16103011,+,TPM4
"5'-nucleotidase, cytosolic II",10,103087141,103277605,-,NT5C2
golgi associated PDZ and coiled-coil motif containing,6,117560269,117602542,-,GOPC
baculoviral IAP repeat containing 3,11,102317484,102339403,+,BIRC3
atypical chemokine receptor 3,2,236567692,236582358,+,ACKR3
H3.3 histone B,17,75776434,75785893,-,H3-3B
elastin,7,74027789,74069909,+,ELN
axin 1,16,287440,352730,-,AXIN1
mutS homolog 2,2,47403067,47663146,+,MSH2
core-binding factor subunit beta,16,67028984,67101058,+,CBFB
follistatin like 3,19,676392,683392,+,FSTL3
lysine acetyltransferase 6B,10,74824912,75032631,+,KAT6B
"ASPSCR1 tether for SLC2A4, UBX domain containing",17,81976807,82017406,+,ASPSCR1
PR/SET domain 1,6,105993463,106109939,+,PRDM1
AT-rich interaction domain 2,12,45728910,45908040,+,ARID2
tumor protein p53,17,7661779,7687546,-,TP53
catenin delta 1,11,57753243,57819546,+,CTNND1
chromodomain helicase DNA binding protein 4,12,6570081,6614982,-,CHD4
interleukin 6 cytokine family signal transducer,5,55935095,55995022,-,IL6ST
Cbl proto-oncogene B,3,105655461,105869552,-,CBLB
"ERCC excision repair 2, TFIIH core complex helicase subunit",19,45349773,45370918,-,ERCC2
calcium voltage-gated channel subunit alpha1 D,3,53328963,53813733,+,CACNA1D
CCCTC-binding factor,16,67561831,67639189,+,CTCF
SWI/SNF related BAF chromatin remodeling complex subunit E1,17,40624962,40648654,-,SMARCE1
signal transducer and activator of transcription 5B,17,42199176,42288633,-,STAT5B
retinoic acid receptor alpha,17,40309180,40357643,+,RARA
"phosphatidylinositol-4,5-bisphosphate 3-kinase catalytic subunit beta",3,138652336,138834957,-,PIK3CB
"phosphatidylinositol-4,5-bisphosphate 3-kinase catalytic subunit alpha",3,179148114,179240093,+,PIK3CA
myosin heavy chain 11,16,15703135,15858438,-,MYH11
solute carrier family 45 member 3,1,205657851,205680990,-,SLC45A3
ribophorin I,3,128619968,128681075,-,RPN1
zinc finger protein 429,19,21496682,21556270,+,ZNF429
insulin like growth factor 2 mRNA binding protein 2,3,185643130,185825061,-,IGF2BP2
melanocyte inducing transcription factor,3,69738536,69968336,+,MITF
caspase 3,4,184627695,184650418,-,CASP3
potassium inwardly rectifying channel subfamily J member 5,11,128890453,128921163,+,KCNJ5
pre-mRNA processing factor 40 homolog B,12,49568218,49644666,+,PRPF40B
exostosin glycosyltransferase 2,11,44095648,44251962,+,EXT2
"DNA polymerase delta 1, catalytic subunit",19,50384204,50418018,+,POLD1
eukaryotic translation initiation factor 4A2,3,186783205,186789901,+,EIF4A2
phosphatidylinositol binding clathrin assembly protein,11,85957171,86069882,-,PICALM
"REL proto-oncogene, NF-kB subunit",2,60881491,60931612,+,REL
ethanolamine kinase 1,12,22625075,22690665,+,ETNK1
zinc finger and BTB domain containing 16,11,114058335,114256765,+,ZBTB16
LSM14A mRNA processing body assembly factor,19,34172426,34229302,+,LSM14A
protein kinase C beta,16,23835959,24220611,+,PRKCB
TNF alpha induced protein 3,6,137866383,137885836,+,TNFAIP3
striatin,2,36837698,36966625,-,STRN
protein kinase cAMP-activated catalytic subunit alpha,19,14091688,14118084,-,PRKACA
nuclear receptor coactivator 1,2,24490992,24770702,+,NCOA1
SWI/SNF related BAF chromatin remodeling complex subunit ATPase 4,19,10960824,11079426,+,SMARCA4
NFE2 like bZIP transcription factor 2,2,177218667,177392756,-,NFE2L2
colony stimulating factor 3 receptor,1,36465669,36483322,-,CSF3R
ATPase Na+/K+ transporting subunit alpha 1,1,116372668,116410261,+,ATP1A1
CYLD lysine 63 deubiquitinase,16,50742032,50801935,+,CYLD
secreted frizzled related protein 4,7,37905932,38025695,-,SFRP4
menin 1,11,64803510,64811294,-,MEN1
cysteinyl-tRNA synthetase 1,11,3000922,3057613,-,CARS1
cyclin dependent kinase 6,7,92604921,92836591,-,CDK6
SBDS ribosome maturation factor,7,66987680,66995693,-,SBDS
ras homolog family member A,3,49359136,49412998,-,RHOA
mutY DNA glycosylase,1,45329163,45340893,-,MUTYH
LIM domain only 1,11,8224309,8268752,-,LMO1
class II major histocompatibility complex transactivator,16,10866222,10943021,+,CIITA
succinate dehydrogenase complex assembly factor 2,11,61430042,61446839,+,SDHAF2
"Fli-1 proto-oncogene, ETS transcription factor",11,128686535,128813267,+,FLI1
GATA binding protein 2,3,128479423,128493208,-,GATA2
partner and localizer of BRCA2,16,23603160,23641321,-,PALB2
nth like DNA glycosylase 1,16,2039814,2047866,-,NTHL1
erb-b2 receptor tyrosine kinase 2,17,39687914,39730426,+,ERBB2
cut like homeobox 1,7,101815904,102283958,+,CUX1
acyl-CoA synthetase long chain family member 3,2,222860942,222944639,+,ACSL3
nuclear mitotic apparatus protein 1,11,72002860,72080693,-,NUMA1
Rac family small GTPase 1,7,6374098,6403998,+,RAC1
CAP-Gly domain containing linker protein 1,12,122271432,122422778,-,CLIP1
damage specific DNA binding protein 2,11,47214457,47239240,+,DDB2
protein tyrosine phosphatase non-receptor type 11,12,112418351,112509918,+,PTPN11
flap structure-specific endonuclease 1,11,61792725,61797238,+,FEN1
STIL centriolar assembly protein,1,47250139,47314892,-,STIL
polybromo 1,3,52544735,52685966,-,PBRM1
S100 calcium binding protein A7,1,153457744,153460651,-,S100A7
transferrin receptor,3,196012511,196082162,-,TFRC
aryl hydrocarbon receptor nuclear translocator,1,150808617,150876771,-,ARNT
folliculin,17,17212206,17237203,-,FLCN
LIM domain only 2,11,33858574,33892076,-,LMO2
NCK interacting protein with SH3 domain,3,48673841,48686364,-,NCKIPSD
guanine monophosphate synthase,3,155870591,155944020,+,GMPS
collagen type I alpha 1 chain,17,50184101,50201634,-,COL1A1
calcium activated nucleotidase 1,17,78991707,79009867,-,CANT1
forkhead box P1,3,70954693,71584009,-,FOXP1
catenin beta 1,3,41194741,41260096,+,CTNNB1
tripartite motif containing 24,7,138460210,138589996,+,TRIM24
FKBP prolyl isomerase 9,7,32957404,33006930,+,FKBP9
STAG1 cohesin complex component,3,136336234,136752432,-,STAG1
sperm antigen with calponin homology and coiled-coil domains 1,17,20008865,20319026,+,SPECC1
5-aminoimidazole-4-carboxamide ribonucleotide formyltransferase/IMP cyclohydrolase,2,215311956,215349773,+,ATIC
ETS variant transcription factor 1,7,13891229,13991425,-,ETV1
ATM serine/threonine kinase,11,108222804,108369102,+,ATM
RAS related 2,11,14277922,14364506,-,RRAS2
collagen type III alpha 1 chain,2,188974371,189012746,+,COL3A1
caspase 8,2,201233443,201361836,+,CASP8
IKAROS family zinc finger 1,7,50303412,50405101,+,IKZF1
MYD88 innate immune signal transduction adaptor,3,38138552,38143024,+,MYD88
"ERCC excision repair 3, TFIIH core complex helicase subunit",2,127257285,127294188,-,ERCC3
proline rich mitotic checkpoint control factor,1,156750610,156800817,+,PRCC
TBL1X/Y related 1,3,177019340,177228000,-,TBL1XR1
H3.3 histone A,1,226061571,226073206,+,H3-3A
thyroid hormone receptor associated protein 3,1,36224392,36305376,+,THRAP3
serine and arginine rich splicing factor 2,17,76734115,76737395,-,SRSF2
speckle type BTB/POZ protein,17,49598884,49678201,-,SPOP
trafficking from ER to golgi regulator,3,100709295,100748965,+,TFG
DNA methyltransferase 3 alpha,2,25227855,25342590,-,DNMT3A
RAN binding protein 2,2,108719437,108785810,+,RANBP2
"PMS1 homolog 1, mismatch repair system component",2,189784085,189878385,+,PMS1
epidermal growth factor receptor pathway substrate 15,1,51354263,51519387,-,EPS15
isocitrate dehydrogenase (NADP(+)) 1,2,208236224,208266095,-,IDH1
cAMP responsive element binding protein 1,2,207529737,207605988,+,CREB1
inhibitor of DNA binding 3,1,23557917,23559883,-,ID3
neurotrophic receptor tyrosine kinase 1,1,156815636,156881850,+,NTRK1
splicing factor 3b subunit 1,2,197388515,197435079,-,SF3B1
EMAP like 4,2,42169330,42332548,+,EML4
far upstream element binding protein 1,1,77944055,77979527,-,FUBP1
transmembrane protein 127,2,96248500,96266047,-,TMEM127
cell division cycle 73,1,193115732,193264613,+,CDC73
fumarate hydratase,1,241497511,241519799,-,FH
MDM4 regulator of p53,1,204516369,204558120,+,MDM4
tropomyosin 3,1,154155308,154194648,-,TPM3
cullin 3,2,224470150,224585397,-,CUL3
"LCK proto-oncogene, Src family tyrosine kinase",1,32251244,32286170,+,LCK
dynactin subunit 1,2,74361154,74392087,-,DCTN1
tripartite motif containing 33,1,114392781,114511244,-,TRIM33
paired box 7,1,18630846,18748876,+,PAX7
discoidin domain receptor tyrosine kinase 2,1,162630863,162787405,+,DDR2
"MPL proto-oncogene, thrombopoietin receptor",1,43337808,43354466,+,MPL
lamin A/C,1,156082572,156140081,+,LMNA
ETS transcription factor ELK4,1,205597556,205634520,-,ELK4
protein tyrosine phosphatase receptor type C,1,198629900,198759346,+,PTPRC
Rho guanine nucleotide exchange factor 10 like,1,17539368,17697876,+,ARHGEF10L
Janus kinase 1,1,64833223,65067754,-,JAK1
TNF receptor superfamily member 14,1,2554244,2565382,+,TNFRSF14
